{"v":"5.8.1","fr":24,"ip":0,"op":48,"w":201,"h":154,"nm":"Karmas_Perdidos","ddd":0,"assets":[],"layers":[{"ddd":0,"ind":1,"ty":4,"nm":"Karmas_Perdidos contornos 2","sr":1,"ks":{"p":{"a":0,"k":[100.5,77,0],"ix":2,"l":2},"a":{"a":0,"k":[100.5,77,0],"ix":1,"l":2}},"ao":0,"shapes":[{"ty":"gr","it":[{"ty":"gr","it":[{"ind":0,"ty":"sh","ix":1,"ks":{"a":0,"k":{"i":[[-1.009,-0.271],[0.399,-1.489],[1.009,0.27],[-0.399,1.488]],"o":[[1.009,0.271],[-0.399,1.488],[-1.01,-0.271],[0.399,-1.489]],"v":[[0.723,-2.695],[1.827,0.491],[-0.723,2.696],[-1.827,-0.49]],"c":true},"ix":2},"nm":"Trazado 1","mn":"ADBE Vector Shape - Group","hd":false},{"ty":"fl","c":{"a":0,"k":[1,1,1,1],"ix":4},"o":{"a":0,"k":100,"ix":5},"r":1,"bm":0,"nm":"Relleno 1","mn":"ADBE Vector Graphic - Fill","hd":false},{"ty":"tr","p":{"a":0,"k":[20.564,76.084],"ix":2},"a":{"a":0,"k":[0,0],"ix":1},"s":{"a":0,"k":[100,100],"ix":3},"r":{"a":0,"k":0,"ix":6},"o":{"a":0,"k":100,"ix":7},"sk":{"a":0,"k":0,"ix":4},"sa":{"a":0,"k":0,"ix":5},"nm":"Transformar"}],"nm":"Grupo 1","np":2,"cix":2,"bm":0,"ix":1,"mn":"ADBE Vector Group","hd":false},{"ty":"gr","it":[{"ind":0,"ty":"sh","ix":1,"ks":{"a":0,"k":{"i":[[-1.009,-0.271],[0.399,-1.489],[1.009,0.27],[-0.399,1.488]],"o":[[1.009,0.271],[-0.399,1.488],[-1.01,-0.271],[0.399,-1.488]],"v":[[0.723,-2.695],[1.827,0.491],[-0.723,2.696],[-1.827,-0.49]],"c":true},"ix":2},"nm":"Trazado 1","mn":"ADBE Vector Shape - Group","hd":false},{"ty":"fl","c":{"a":0,"k":[1,1,1,1],"ix":4},"o":{"a":0,"k":100,"ix":5},"r":1,"bm":0,"nm":"Relleno 1","mn":"ADBE Vector Graphic - Fill","hd":false},{"ty":"tr","p":{"a":0,"k":[12.526,73.929],"ix":2},"a":{"a":0,"k":[0,0],"ix":1},"s":{"a":0,"k":[100,100],"ix":3},"r":{"a":0,"k":0,"ix":6},"o":{"a":0,"k":100,"ix":7},"sk":{"a":0,"k":0,"ix":4},"sa":{"a":0,"k":0,"ix":5},"nm":"Transformar"}],"nm":"Grupo 2","np":2,"cix":2,"bm":0,"ix":2,"mn":"ADBE Vector Group","hd":false},{"ty":"gr","it":[{"ind":0,"ty":"sh","ix":1,"ks":{"a":0,"k":{"i":[[-2.212,-0.579],[-0.655,-2.199],[0.122,-0.215],[0.228,-0.07],[0.165,0.047],[0.085,0.304],[1.605,0.434],[1.217,-1.132],[0.342,0.366],[-0.008,0.24],[-0.181,0.163]],"o":[[2.218,0.593],[0.079,0.235],[-0.112,0.211],[-0.163,0.053],[-0.306,-0.078],[-0.482,-1.592],[-1.606,-0.433],[-0.366,0.342],[-0.164,-0.175],[0.002,-0.243],[1.675,-1.556]],"v":[[0.917,-2.559],[5.54,1.936],[5.473,2.643],[4.942,3.082],[4.439,3.09],[3.808,2.473],[0.453,-0.785],[-4.086,0.34],[-5.367,0.298],[-5.611,-0.352],[-5.324,-0.99]],"c":true},"ix":2},"nm":"Trazado 1","mn":"ADBE Vector Shape - Group","hd":false},{"ty":"fl","c":{"a":0,"k":[1,1,1,1],"ix":4},"o":{"a":0,"k":100,"ix":5},"r":1,"bm":0,"nm":"Relleno 1","mn":"ADBE Vector Graphic - Fill","hd":false},{"ty":"tr","p":{"a":0,"k":[14.23,82.763],"ix":2},"a":{"a":0,"k":[0,0],"ix":1},"s":{"a":0,"k":[100,100],"ix":3},"r":{"a":0,"k":0,"ix":6},"o":{"a":0,"k":100,"ix":7},"sk":{"a":0,"k":0,"ix":4},"sa":{"a":0,"k":0,"ix":5},"nm":"Transformar"}],"nm":"Grupo 3","np":2,"cix":2,"bm":0,"ix":3,"mn":"ADBE Vector Group","hd":false},{"ty":"gr","it":[{"ind":0,"ty":"sh","ix":1,"ks":{"a":0,"k":{"i":[[1.551,-1.409],[-5.15,-5.636],[-5.635,5.15],[2.167,7.319],[-3.907,3.569]],"o":[[-5.635,5.15],[5.15,5.635],[-7.318,2.167],[-1.503,-5.074],[-2.008,0.598]],"v":[[-6.337,-11.254],[-7.215,8.276],[12.314,9.154],[-4.862,-0.174],[-0.931,-14.304]],"c":true},"ix":2},"nm":"Trazado 1","mn":"ADBE Vector Shape - Group","hd":false},{"ty":"fl","c":{"a":0,"k":[0.902000038297,0.404000016755,0.372999991623,1],"ix":4},"o":{"a":0,"k":100,"ix":5},"r":1,"bm":0,"nm":"Relleno 1","mn":"ADBE Vector Graphic - Fill","hd":false},{"ty":"tr","p":{"a":0,"k":[12.314,79.991],"ix":2},"a":{"a":0,"k":[0,0],"ix":1},"s":{"a":0,"k":[100,100],"ix":3},"r":{"a":0,"k":0,"ix":6},"o":{"a":0,"k":100,"ix":7},"sk":{"a":0,"k":0,"ix":4},"sa":{"a":0,"k":0,"ix":5},"nm":"Transformar"}],"nm":"Grupo 4","np":4,"cix":2,"bm":0,"ix":4,"mn":"ADBE Vector Group","hd":false},{"ty":"gr","it":[{"ind":0,"ty":"sh","ix":1,"ks":{"a":0,"k":{"i":[[-7.374,-1.977],[1.977,-7.373],[7.373,1.976],[-1.977,7.373]],"o":[[7.373,1.977],[-1.977,7.373],[-7.374,-1.977],[1.977,-7.374]],"v":[[3.572,-13.35],[13.343,3.58],[-3.587,13.351],[-13.358,-3.579]],"c":true},"ix":2},"nm":"Trazado 1","mn":"ADBE Vector Shape - Group","hd":false},{"ty":"fl","c":{"a":0,"k":[0.952999997606,0.451000019148,0.419999994016,1],"ix":4},"o":{"a":0,"k":100,"ix":5},"r":1,"bm":0,"nm":"Relleno 1","mn":"ADBE Vector Graphic - Fill","hd":false},{"ty":"tr","p":{"a":0,"k":[15.32,78.959],"ix":2},"a":{"a":0,"k":[0,0],"ix":1},"s":{"a":0,"k":[100,100],"ix":3},"r":{"a":0,"k":0,"ix":6},"o":{"a":0,"k":100,"ix":7},"sk":{"a":0,"k":0,"ix":4},"sa":{"a":0,"k":0,"ix":5},"nm":"Transformar"}],"nm":"Grupo 5","np":4,"cix":2,"bm":0,"ix":5,"mn":"ADBE Vector Group","hd":false},{"ty":"tr","p":{"a":1,"k":[{"i":{"x":0.667,"y":1},"o":{"x":0.333,"y":0},"t":0,"s":[101,77],"to":[0,-2.333],"ti":[0,0]},{"i":{"x":0.667,"y":1},"o":{"x":0.333,"y":0},"t":20,"s":[101,63],"to":[0,0],"ti":[0,-2.333]},{"t":48,"s":[101,77]}],"ix":2},"a":{"a":0,"k":[101,77],"ix":1},"s":{"a":0,"k":[100,100],"ix":3},"r":{"a":0,"k":0,"ix":6},"o":{"a":0,"k":100,"ix":7},"sk":{"a":0,"k":0,"ix":4},"sa":{"a":0,"k":0,"ix":5},"nm":"Transformar"}],"nm":"Grupo 22","np":5,"cix":2,"bm":0,"ix":1,"mn":"ADBE Vector Group","hd":false},{"ty":"gr","it":[{"ty":"gr","it":[{"ind":0,"ty":"sh","ix":1,"ks":{"a":0,"k":{"i":[[-2.076,-0.557],[0.821,-3.061],[2.075,0.557],[-0.82,3.061]],"o":[[2.076,0.557],[-0.82,3.06],[-2.076,-0.557],[0.821,-3.06]],"v":[[1.486,-5.541],[3.758,1.008],[-1.486,5.541],[-3.758,-1.008]],"c":true},"ix":2},"nm":"Trazado 1","mn":"ADBE Vector Shape - Group","hd":false},{"ty":"fl","c":{"a":0,"k":[1,1,1,1],"ix":4},"o":{"a":0,"k":100,"ix":5},"r":1,"bm":0,"nm":"Relleno 1","mn":"ADBE Vector Graphic - Fill","hd":false},{"ty":"tr","p":{"a":0,"k":[52.376,112.54],"ix":2},"a":{"a":0,"k":[0,0],"ix":1},"s":{"a":0,"k":[100,100],"ix":3},"r":{"a":0,"k":0,"ix":6},"o":{"a":0,"k":100,"ix":7},"sk":{"a":0,"k":0,"ix":4},"sa":{"a":0,"k":0,"ix":5},"nm":"Transformar"}],"nm":"Grupo 6","np":2,"cix":2,"bm":0,"ix":1,"mn":"ADBE Vector Group","hd":false},{"ty":"gr","it":[{"ind":0,"ty":"sh","ix":1,"ks":{"a":0,"k":{"i":[[-2.076,-0.557],[0.821,-3.061],[2.075,0.557],[-0.82,3.061]],"o":[[2.076,0.557],[-0.82,3.06],[-2.076,-0.556],[0.821,-3.06]],"v":[[1.486,-5.541],[3.758,1.008],[-1.486,5.541],[-3.758,-1.008]],"c":true},"ix":2},"nm":"Trazado 1","mn":"ADBE Vector Shape - Group","hd":false},{"ty":"fl","c":{"a":0,"k":[1,1,1,1],"ix":4},"o":{"a":0,"k":100,"ix":5},"r":1,"bm":0,"nm":"Relleno 1","mn":"ADBE Vector Graphic - Fill","hd":false},{"ty":"tr","p":{"a":0,"k":[35.848,108.109],"ix":2},"a":{"a":0,"k":[0,0],"ix":1},"s":{"a":0,"k":[100,100],"ix":3},"r":{"a":0,"k":0,"ix":6},"o":{"a":0,"k":100,"ix":7},"sk":{"a":0,"k":0,"ix":4},"sa":{"a":0,"k":0,"ix":5},"nm":"Transformar"}],"nm":"Grupo 7","np":2,"cix":2,"bm":0,"ix":2,"mn":"ADBE Vector Group","hd":false},{"ty":"gr","it":[{"ind":0,"ty":"sh","ix":1,"ks":{"a":0,"k":{"i":[[-4.549,-1.19],[-1.348,-4.521],[0.246,-0.442],[0.469,-0.144],[0.34,0.094],[0.175,0.626],[3.303,0.892],[2.504,-2.33],[0.705,0.749],[-0.018,0.497],[-0.372,0.334]],"o":[[4.557,1.22],[0.162,0.479],[-0.232,0.432],[-0.333,0.115],[-0.629,-0.16],[-0.989,-3.275],[-3.301,-0.891],[-0.749,0.705],[-0.341,-0.362],[0.007,-0.499],[3.443,-3.202]],"v":[[1.89,-5.26],[11.393,3.979],[11.26,5.424],[10.166,6.323],[9.133,6.355],[7.834,5.087],[0.933,-1.613],[-8.399,0.701],[-11.032,0.62],[-11.537,-0.723],[-10.944,-2.03]],"c":true},"ix":2},"nm":"Trazado 1","mn":"ADBE Vector Shape - Group","hd":false},{"ty":"fl","c":{"a":0,"k":[1,1,1,1],"ix":4},"o":{"a":0,"k":100,"ix":5},"r":1,"bm":0,"nm":"Relleno 1","mn":"ADBE Vector Graphic - Fill","hd":false},{"ty":"tr","p":{"a":0,"k":[39.348,126.269],"ix":2},"a":{"a":0,"k":[0,0],"ix":1},"s":{"a":0,"k":[100,100],"ix":3},"r":{"a":0,"k":0,"ix":6},"o":{"a":0,"k":100,"ix":7},"sk":{"a":0,"k":0,"ix":4},"sa":{"a":0,"k":0,"ix":5},"nm":"Transformar"}],"nm":"Grupo 8","np":2,"cix":2,"bm":0,"ix":3,"mn":"ADBE Vector Group","hd":false},{"ty":"gr","it":[{"ind":0,"ty":"sh","ix":1,"ks":{"a":0,"k":{"i":[[3.188,-2.897],[-10.556,-11.618],[-11.619,10.556],[0,0],[4.456,15.049],[-8.035,7.338]],"o":[[-11.618,10.556],[10.556,11.62],[0,0],[-15.049,4.457],[-3.09,-10.433],[-4.129,1.23]],"v":[[-12.934,-23.179],[-14.857,16.97],[25.292,18.894],[25.413,18.783],[-9.904,-0.397],[-1.818,-29.45]],"c":true},"ix":2},"nm":"Trazado 1","mn":"ADBE Vector Shape - Group","hd":false},{"ty":"fl","c":{"a":0,"k":[0.902000038297,0.404000016755,0.372999991623,1],"ix":4},"o":{"a":0,"k":100,"ix":5},"r":1,"bm":0,"nm":"Relleno 1","mn":"ADBE Vector Graphic - Fill","hd":false},{"ty":"tr","p":{"a":0,"k":[35.314,120.61],"ix":2},"a":{"a":0,"k":[0,0],"ix":1},"s":{"a":0,"k":[100,100],"ix":3},"r":{"a":0,"k":0,"ix":6},"o":{"a":0,"k":100,"ix":7},"sk":{"a":0,"k":0,"ix":4},"sa":{"a":0,"k":0,"ix":5},"nm":"Transformar"}],"nm":"Grupo 9","np":2,"cix":2,"bm":0,"ix":4,"mn":"ADBE Vector Group","hd":false},{"ty":"gr","it":[{"ind":0,"ty":"sh","ix":1,"ks":{"a":0,"k":{"i":[[-15.161,-4.065],[4.065,-15.162],[15.161,4.066],[-4.064,15.161]],"o":[[15.161,4.064],[-4.065,15.161],[-15.161,-4.064],[4.065,-15.161]],"v":[[7.36,-27.452],[27.451,7.361],[-7.36,27.451],[-27.452,-7.361]],"c":true},"ix":2},"nm":"Trazado 1","mn":"ADBE Vector Shape - Group","hd":false},{"ty":"fl","c":{"a":0,"k":[0.936999990426,0.447000002394,0.419999994016,1],"ix":4},"o":{"a":0,"k":100,"ix":5},"r":1,"bm":0,"nm":"Relleno 1","mn":"ADBE Vector Graphic - Fill","hd":false},{"ty":"tr","p":{"a":0,"k":[41.574,118.451],"ix":2},"a":{"a":0,"k":[0,0],"ix":1},"s":{"a":0,"k":[100,100],"ix":3},"r":{"a":0,"k":0,"ix":6},"o":{"a":0,"k":100,"ix":7},"sk":{"a":0,"k":0,"ix":4},"sa":{"a":0,"k":0,"ix":5},"nm":"Transformar"}],"nm":"Grupo 10","np":2,"cix":2,"bm":0,"ix":5,"mn":"ADBE Vector Group","hd":false},{"ty":"tr","p":{"a":1,"k":[{"i":{"x":0.667,"y":1},"o":{"x":0.333,"y":0},"t":4,"s":[38.959,119.777],"to":[0,-2],"ti":[0,0]},{"i":{"x":0.667,"y":1},"o":{"x":0.333,"y":0},"t":24,"s":[38.959,107.777],"to":[0,0],"ti":[0,-2]},{"t":48,"s":[38.959,119.777]}],"ix":2},"a":{"a":0,"k":[38.959,119.777],"ix":1},"s":{"a":0,"k":[100,100],"ix":3},"r":{"a":0,"k":0,"ix":6},"o":{"a":0,"k":100,"ix":7},"sk":{"a":0,"k":0,"ix":4},"sa":{"a":0,"k":0,"ix":5},"nm":"Transformar"}],"nm":"Grupo 23","np":5,"cix":2,"bm":0,"ix":2,"mn":"ADBE Vector Group","hd":false},{"ty":"gr","it":[{"ty":"gr","it":[{"ind":0,"ty":"sh","ix":1,"ks":{"a":0,"k":{"i":[[-2.882,0.881],[-1.299,-4.25],[2.882,-0.881],[1.299,4.25]],"o":[[2.883,-0.881],[1.3,4.25],[-2.882,0.881],[-1.3,-4.25]],"v":[[-2.353,-7.696],[5.218,-1.596],[2.353,7.696],[-5.218,1.596]],"c":true},"ix":2},"nm":"Trazado 1","mn":"ADBE Vector Shape - Group","hd":false},{"ty":"fl","c":{"a":0,"k":[1,1,1,1],"ix":4},"o":{"a":0,"k":100,"ix":5},"r":1,"bm":0,"nm":"Relleno 1","mn":"ADBE Vector Graphic - Fill","hd":false},{"ty":"tr","p":{"a":0,"k":[170.173,99.804],"ix":2},"a":{"a":0,"k":[0,0],"ix":1},"s":{"a":0,"k":[100,100],"ix":3},"r":{"a":0,"k":0,"ix":6},"o":{"a":0,"k":100,"ix":7},"sk":{"a":0,"k":0,"ix":4},"sa":{"a":0,"k":0,"ix":5},"nm":"Transformar"}],"nm":"Grupo 11","np":2,"cix":2,"bm":0,"ix":1,"mn":"ADBE Vector Group","hd":false},{"ty":"gr","it":[{"ind":0,"ty":"sh","ix":1,"ks":{"a":0,"k":{"i":[[-2.882,0.881],[-1.299,-4.25],[2.882,-0.881],[1.299,4.25]],"o":[[2.883,-0.881],[1.3,4.25],[-2.882,0.88],[-1.3,-4.25]],"v":[[-2.353,-7.695],[5.218,-1.595],[2.353,7.696],[-5.218,1.596]],"c":true},"ix":2},"nm":"Trazado 1","mn":"ADBE Vector Shape - Group","hd":false},{"ty":"fl","c":{"a":0,"k":[1,1,1,1],"ix":4},"o":{"a":0,"k":100,"ix":5},"r":1,"bm":0,"nm":"Relleno 1","mn":"ADBE Vector Graphic - Fill","hd":false},{"ty":"tr","p":{"a":0,"k":[148.6,106.399],"ix":2},"a":{"a":0,"k":[0,0],"ix":1},"s":{"a":0,"k":[100,100],"ix":3},"r":{"a":0,"k":0,"ix":6},"o":{"a":0,"k":100,"ix":7},"sk":{"a":0,"k":0,"ix":4},"sa":{"a":0,"k":0,"ix":5},"nm":"Transformar"}],"nm":"Grupo 12","np":2,"cix":2,"bm":0,"ix":2,"mn":"ADBE Vector Group","hd":false},{"ty":"gr","it":[{"ind":0,"ty":"sh","ix":1,"ks":{"a":0,"k":{"i":[[-6.295,1.965],[-4.966,-4.376],[-0.034,-0.708],[0.453,-0.521],[0.474,-0.141],[0.672,0.614],[4.591,-1.394],[1.248,-4.63],[1.396,0.37],[0.349,0.599],[-0.192,0.674]],"o":[[6.328,-1.939],[0.548,0.45],[0.048,0.688],[-0.311,0.383],[-0.867,0.276],[-3.612,-3.157],[-4.59,1.392],[-0.37,1.395],[-0.67,-0.178],[-0.365,-0.599],[1.719,-6.366]],"v":[[-3.039,-7.51],[15.135,-3.588],[16.049,-1.769],[15.417,0.118],[14.212,0.922],[11.723,0.376],[-1.464,-2.46],[-10.848,7.223],[-14.044,9.079],[-15.634,7.865],[-15.906,5.868]],"c":true},"ix":2},"nm":"Trazado 1","mn":"ADBE Vector Shape - Group","hd":false},{"ty":"fl","c":{"a":0,"k":[1,1,1,1],"ix":4},"o":{"a":0,"k":100,"ix":5},"r":1,"bm":0,"nm":"Relleno 1","mn":"ADBE Vector Graphic - Fill","hd":false},{"ty":"tr","p":{"a":0,"k":[166.527,124.118],"ix":2},"a":{"a":0,"k":[0,0],"ix":1},"s":{"a":0,"k":[100,100],"ix":3},"r":{"a":0,"k":0,"ix":6},"o":{"a":0,"k":100,"ix":7},"sk":{"a":0,"k":0,"ix":4},"sa":{"a":0,"k":0,"ix":5},"nm":"Transformar"}],"nm":"Grupo 13","np":2,"cix":2,"bm":0,"ix":3,"mn":"ADBE Vector Group","hd":false},{"ty":"gr","it":[{"ind":0,"ty":"sh","ix":1,"ks":{"a":0,"k":{"i":[[1.545,-5.49],[-19.988,-5.676],[-5.675,19.989],[-0.032,0.115],[15.558,13.772],[-3.869,13.871]],"o":[[-5.675,19.989],[19.989,5.675],[0.032,-0.115],[-13.771,15.558],[-10.783,-9.544],[-3.771,4.278]],"v":[[-33.405,-17.59],[-7.487,28.88],[38.983,2.961],[39.079,2.614],[-14.026,5.847],[-25.328,-32.431]],"c":true},"ix":2},"nm":"Trazado 1","mn":"ADBE Vector Shape - Group","hd":false},{"ty":"fl","c":{"a":0,"k":[0.948999980852,0.458999992819,0.423999980852,1],"ix":4},"o":{"a":0,"k":100,"ix":5},"r":1,"bm":0,"nm":"Relleno 1","mn":"ADBE Vector Graphic - Fill","hd":false},{"ty":"tr","p":{"a":0,"k":[159.201,121.569],"ix":2},"a":{"a":0,"k":[0,0],"ix":1},"s":{"a":0,"k":[100,100],"ix":3},"r":{"a":0,"k":0,"ix":6},"o":{"a":0,"k":100,"ix":7},"sk":{"a":0,"k":0,"ix":4},"sa":{"a":0,"k":0,"ix":5},"nm":"Transformar"}],"nm":"Grupo 14","np":4,"cix":2,"bm":0,"ix":4,"mn":"ADBE Vector Group","hd":false},{"ty":"gr","it":[{"ind":0,"ty":"sh","ix":1,"ks":{"a":0,"k":{"i":[[-19.961,6.105],[-6.106,-19.963],[19.963,-6.106],[6.107,19.963],[0.001,0.002]],"o":[[19.964,-6.106],[6.106,19.964],[-19.964,6.105],[-0.001,-0.002],[-6.102,-19.962]],"v":[[-9.321,-35.068],[37.883,-9.978],[12.792,37.227],[-34.411,12.135],[-34.413,12.13]],"c":true},"ix":2},"nm":"Trazado 1","mn":"ADBE Vector Shape - Group","hd":false},{"ty":"fl","c":{"a":0,"k":[0.980000035903,0.501999978458,0.470999983245,1],"ix":4},"o":{"a":0,"k":100,"ix":5},"r":1,"bm":0,"nm":"Relleno 1","mn":"ADBE Vector Graphic - Fill","hd":false},{"ty":"tr","p":{"a":0,"k":[160.485,112.827],"ix":2},"a":{"a":0,"k":[0,0],"ix":1},"s":{"a":0,"k":[100,100],"ix":3},"r":{"a":0,"k":0,"ix":6},"o":{"a":0,"k":100,"ix":7},"sk":{"a":0,"k":0,"ix":4},"sa":{"a":0,"k":0,"ix":5},"nm":"Transformar"}],"nm":"Grupo 15","np":4,"cix":2,"bm":0,"ix":5,"mn":"ADBE Vector Group","hd":false},{"ty":"tr","p":{"a":1,"k":[{"i":{"x":0.667,"y":1},"o":{"x":0.333,"y":0},"t":8,"s":[101,77],"to":[0,-2.5],"ti":[0,0]},{"i":{"x":0.667,"y":1},"o":{"x":0.333,"y":0},"t":28,"s":[101,62],"to":[0,0],"ti":[0,-2.5]},{"t":48,"s":[101,77]}],"ix":2},"a":{"a":0,"k":[101,77],"ix":1},"s":{"a":0,"k":[100,100],"ix":3},"r":{"a":0,"k":0,"ix":6},"o":{"a":0,"k":100,"ix":7},"sk":{"a":0,"k":0,"ix":4},"sa":{"a":0,"k":0,"ix":5},"nm":"Transformar"}],"nm":"Grupo 24","np":5,"cix":2,"bm":0,"ix":3,"mn":"ADBE Vector Group","hd":false},{"ty":"gr","it":[{"ind":0,"ty":"sh","ix":1,"ks":{"a":0,"k":{"i":[[0,0],[0,0],[2.241,0],[0,-2.241],[0,0],[0,0],[0.011,-1.109],[-0.393,-0.383],[0,0],[-0.805,0.77],[0,0],[0.785,0.791],[0.536,0]],"o":[[0,0],[0,-2.241],[-2.24,0],[0,0],[0,0],[-1.108,-0.012],[-0.006,0.55],[0,0],[0.806,0.77],[0,0],[0.79,-0.785],[-0.378,-0.381],[0,0]],"v":[[3.946,8.504],[3.946,-19.939],[-0.111,-23.996],[-4.167,-19.939],[-4.167,8.504],[-11.429,8.504],[-13.457,10.491],[-12.849,11.952],[-1.531,23.226],[1.349,23.226],[12.669,11.948],[12.678,9.095],[11.249,8.5]],"c":true},"ix":2},"nm":"Trazado 1","mn":"ADBE Vector Shape - Group","hd":false},{"ty":"fl","c":{"a":0,"k":[0.952999997606,0.451000019148,0.419999994016,1],"ix":4},"o":{"a":0,"k":100,"ix":5},"r":1,"bm":0,"nm":"Relleno 1","mn":"ADBE Vector Graphic - Fill","hd":false},{"ty":"tr","p":{"a":1,"k":[{"i":{"x":0.833,"y":1},"o":{"x":0.167,"y":0},"t":0,"s":[171.465,29.392],"to":[0,15.833],"ti":[0,-15.833]},{"t":45,"s":[171.465,124.392]}],"ix":2},"a":{"a":0,"k":[0,0],"ix":1},"s":{"a":0,"k":[100,100],"ix":3},"r":{"a":0,"k":0,"ix":6},"o":{"a":1,"k":[{"i":{"x":[0.833],"y":[1]},"o":{"x":[0.167],"y":[0]},"t":0,"s":[0]},{"t":12,"s":[100]}],"ix":7},"sk":{"a":0,"k":0,"ix":4},"sa":{"a":0,"k":0,"ix":5},"nm":"Transformar"}],"nm":"Grupo 21","np":2,"cix":2,"bm":0,"ix":4,"mn":"ADBE Vector Group","hd":false}],"ip":0,"op":48,"st":0,"bm":0},{"ddd":0,"ind":2,"ty":4,"nm":"Capa de formas 1","td":1,"sr":1,"ks":{"p":{"a":0,"k":[101,77,0],"ix":2,"l":2}},"ao":0,"ef":[{"ty":29,"nm":"Desenfoque gaussiano","np":5,"mn":"ADBE Gaussian Blur 2","ix":1,"en":1,"ef":[{"ty":0,"nm":"Desenfoque","mn":"ADBE Gaussian Blur 2-0001","ix":1,"v":{"a":0,"k":60,"ix":1}},{"ty":7,"nm":"Dimensiones de desenfoque","mn":"ADBE Gaussian Blur 2-0002","ix":2,"v":{"a":0,"k":1,"ix":2}},{"ty":7,"nm":"Repetir píxeles del borde","mn":"ADBE Gaussian Blur 2-0003","ix":3,"v":{"a":0,"k":0,"ix":3}}]}],"shapes":[{"ty":"gr","it":[{"ty":"rc","d":1,"s":{"a":0,"k":[270,39],"ix":2},"p":{"a":1,"k":[{"i":{"x":0.667,"y":1},"o":{"x":0.333,"y":0},"t":0,"s":[0,-100],"to":[0,33.333],"ti":[0,-33.333]},{"t":48,"s":[0,100]}],"ix":3},"r":{"a":0,"k":0,"ix":4},"nm":"Trazado de rectángulo 1","mn":"ADBE Vector Shape - Rect","hd":false},{"ty":"fl","c":{"a":0,"k":[1,1,1,1],"ix":4},"o":{"a":0,"k":15,"ix":5},"r":1,"bm":0,"nm":"Relleno 1","mn":"ADBE Vector Graphic - Fill","hd":false},{"ty":"tr","p":{"a":0,"k":[0,0],"ix":2},"a":{"a":0,"k":[0,0],"ix":1},"s":{"a":0,"k":[100,100],"ix":3},"r":{"a":0,"k":-45,"ix":6},"o":{"a":0,"k":100,"ix":7},"sk":{"a":0,"k":0,"ix":4},"sa":{"a":0,"k":0,"ix":5},"nm":"Transformar"}],"nm":"Rectángulo 2","np":3,"cix":2,"bm":0,"ix":1,"mn":"ADBE Vector Group","hd":false},{"ty":"gr","it":[{"ty":"rc","d":1,"s":{"a":0,"k":[270,15],"ix":2},"p":{"a":1,"k":[{"i":{"x":0.667,"y":1},"o":{"x":0.333,"y":0},"t":0,"s":[0,-120],"to":[0,40],"ti":[0,-40]},{"t":48,"s":[0,120]}],"ix":3},"r":{"a":0,"k":0,"ix":4},"nm":"Trazado de rectángulo 1","mn":"ADBE Vector Shape - Rect","hd":false},{"ty":"fl","c":{"a":0,"k":[1,1,1,1],"ix":4},"o":{"a":0,"k":80,"ix":5},"r":1,"bm":0,"nm":"Relleno 1","mn":"ADBE Vector Graphic - Fill","hd":false},{"ty":"tr","p":{"a":0,"k":[0,0],"ix":2},"a":{"a":0,"k":[0,0],"ix":1},"s":{"a":0,"k":[100,100],"ix":3},"r":{"a":0,"k":-45,"ix":6},"o":{"a":0,"k":100,"ix":7},"sk":{"a":0,"k":0,"ix":4},"sa":{"a":0,"k":0,"ix":5},"nm":"Transformar"}],"nm":"Rectángulo 1","np":3,"cix":2,"bm":0,"ix":2,"mn":"ADBE Vector Group","hd":false},{"ty":"gr","it":[{"ty":"rc","d":1,"s":{"a":0,"k":[270,60],"ix":2},"p":{"a":1,"k":[{"i":{"x":0.667,"y":1},"o":{"x":0.333,"y":0},"t":0,"s":[0,-100],"to":[0,33.333],"ti":[0,-33.333]},{"t":48,"s":[0,100]}],"ix":3},"r":{"a":0,"k":0,"ix":4},"nm":"Trazado de rectángulo 1","mn":"ADBE Vector Shape - Rect","hd":false},{"ty":"fl","c":{"a":0,"k":[1,1,1,1],"ix":4},"o":{"a":0,"k":5,"ix":5},"r":1,"bm":0,"nm":"Relleno 1","mn":"ADBE Vector Graphic - Fill","hd":false},{"ty":"tr","p":{"a":0,"k":[0,0],"ix":2},"a":{"a":0,"k":[0,0],"ix":1},"s":{"a":0,"k":[100,100],"ix":3},"r":{"a":0,"k":-45,"ix":6},"o":{"a":0,"k":100,"ix":7},"sk":{"a":0,"k":0,"ix":4},"sa":{"a":0,"k":0,"ix":5},"nm":"Transformar"}],"nm":"Rectángulo 3","np":3,"cix":2,"bm":0,"ix":3,"mn":"ADBE Vector Group","hd":false}],"ip":0,"op":48,"st":0,"bm":0},{"ddd":0,"ind":3,"ty":4,"nm":"Karmas_Perdidos contornos 3","tt":1,"sr":1,"ks":{"p":{"a":0,"k":[101,77,0],"ix":2,"l":2},"a":{"a":0,"k":[100.5,77,0],"ix":1,"l":2},"s":{"a":1,"k":[{"i":{"x":[0.667,0.667,0.667],"y":[1,1,1]},"o":{"x":[0.333,0.333,0.333],"y":[0,0,0]},"t":0,"s":[100,100,100]},{"i":{"x":[0.667,0.667,0.667],"y":[1,1,1]},"o":{"x":[0.333,0.333,0.333],"y":[0,0,0]},"t":24,"s":[95,95,100]},{"t":48,"s":[100,100,100]}],"ix":6,"l":2}},"ao":0,"shapes":[{"ty":"gr","it":[{"ty":"gr","it":[{"ind":0,"ty":"sh","ix":1,"ks":{"a":0,"k":{"i":[[-35.365,0],[0,-35.365],[35.365,0],[0,35.364]],"o":[[35.365,0],[0,35.364],[-35.365,0],[0,-35.365]],"v":[[0,-64.034],[64.034,0.001],[0,64.034],[-64.034,0.001]],"c":true},"ix":2},"nm":"Trazado 1","mn":"ADBE Vector Shape - Group","hd":false},{"ty":"fl","c":{"a":0,"k":[1,1,1,1],"ix":4},"o":{"a":0,"k":100,"ix":5},"r":1,"bm":0,"nm":"Relleno 1","mn":"ADBE Vector Graphic - Fill","hd":false},{"ty":"tr","p":{"a":0,"k":[94.729,65.034],"ix":2},"a":{"a":0,"k":[0,0],"ix":1},"s":{"a":0,"k":[100,100],"ix":3},"r":{"a":0,"k":0,"ix":6},"o":{"a":0,"k":100,"ix":7},"sk":{"a":0,"k":0,"ix":4},"sa":{"a":0,"k":0,"ix":5},"nm":"Transformar"}],"nm":"Grupo 20","np":2,"cix":2,"bm":0,"ix":1,"mn":"ADBE Vector Group","hd":false},{"ty":"tr","p":{"a":0,"k":[94.651,65.064],"ix":2},"a":{"a":0,"k":[94.651,65.064],"ix":1},"s":{"a":0,"k":[100,100],"ix":3},"r":{"a":0,"k":0,"ix":6},"o":{"a":0,"k":100,"ix":7},"sk":{"a":0,"k":0,"ix":4},"sa":{"a":0,"k":0,"ix":5},"nm":"Transformar"}],"nm":"Grupo 25","np":1,"cix":2,"bm":0,"ix":1,"mn":"ADBE Vector Group","hd":false}],"ip":0,"op":48,"st":0,"bm":16},{"ddd":0,"ind":4,"ty":4,"nm":"Karmas_Perdidos contornos","sr":1,"ks":{"p":{"a":0,"k":[101,77,0],"ix":2,"l":2},"a":{"a":0,"k":[100.5,77,0],"ix":1,"l":2},"s":{"a":1,"k":[{"i":{"x":[0.667,0.667,0.667],"y":[1,1,1]},"o":{"x":[0.333,0.333,0.333],"y":[0,0,0]},"t":0,"s":[100,100,100]},{"i":{"x":[0.667,0.667,0.667],"y":[1,1,1]},"o":{"x":[0.333,0.333,0.333],"y":[0,0,0]},"t":24,"s":[95,95,100]},{"t":48,"s":[100,100,100]}],"ix":6,"l":2}},"ao":0,"shapes":[{"ty":"gr","it":[{"ty":"gr","it":[{"ind":0,"ty":"sh","ix":1,"ks":{"a":0,"k":{"i":[[-4.842,0],[0,-7.139],[4.841,0],[0,7.139]],"o":[[4.841,0],[0,7.139],[-4.842,0],[0,-7.139]],"v":[[0.001,-12.926],[8.767,0],[0.001,12.926],[-8.767,0]],"c":true},"ix":2},"nm":"Trazado 1","mn":"ADBE Vector Shape - Group","hd":false},{"ty":"fl","c":{"a":0,"k":[1,1,1,1],"ix":4},"o":{"a":0,"k":100,"ix":5},"r":1,"bm":0,"nm":"Relleno 1","mn":"ADBE Vector Graphic - Fill","hd":false},{"ty":"tr","p":{"a":0,"k":[114.786,45.868],"ix":2},"a":{"a":0,"k":[0,0],"ix":1},"s":{"a":1,"k":[{"i":{"x":[0.667,0.667],"y":[1,1]},"o":{"x":[0.333,0.333],"y":[0,0]},"t":18,"s":[100,100]},{"i":{"x":[0.667,0.667],"y":[1,1]},"o":{"x":[0.333,0.333],"y":[0,0]},"t":24,"s":[100,0]},{"t":30,"s":[100,100]}],"ix":3},"r":{"a":0,"k":0,"ix":6},"o":{"a":0,"k":100,"ix":7},"sk":{"a":0,"k":0,"ix":4},"sa":{"a":0,"k":0,"ix":5},"nm":"Transformar"}],"nm":"Grupo 16","np":2,"cix":2,"bm":0,"ix":1,"mn":"ADBE Vector Group","hd":false},{"ty":"gr","it":[{"ind":0,"ty":"sh","ix":1,"ks":{"a":0,"k":{"i":[[-4.841,0],[0,-7.139],[4.841,0],[0,7.139]],"o":[[4.841,0],[0,7.139],[-4.841,0],[0,-7.139]],"v":[[0,-12.926],[8.766,0],[0,12.926],[-8.766,0]],"c":true},"ix":2},"nm":"Trazado 1","mn":"ADBE Vector Shape - Group","hd":false},{"ty":"fl","c":{"a":0,"k":[1,1,1,1],"ix":4},"o":{"a":0,"k":100,"ix":5},"r":1,"bm":0,"nm":"Relleno 1","mn":"ADBE Vector Graphic - Fill","hd":false},{"ty":"tr","p":{"a":0,"k":[76.232,45.868],"ix":2},"a":{"a":0,"k":[0,0],"ix":1},"s":{"a":1,"k":[{"i":{"x":[0.667,0.667],"y":[1,1]},"o":{"x":[0.333,0.333],"y":[0,0]},"t":18,"s":[100,100]},{"i":{"x":[0.667,0.667],"y":[1,1]},"o":{"x":[0.333,0.333],"y":[0,0]},"t":24,"s":[100,0]},{"t":30,"s":[100,100]}],"ix":3},"r":{"a":0,"k":0,"ix":6},"o":{"a":0,"k":100,"ix":7},"sk":{"a":0,"k":0,"ix":4},"sa":{"a":0,"k":0,"ix":5},"nm":"Transformar"}],"nm":"Grupo 17","np":2,"cix":2,"bm":0,"ix":2,"mn":"ADBE Vector Group","hd":false},{"ty":"gr","it":[{"ind":0,"ty":"sh","ix":1,"ks":{"a":1,"k":[{"i":{"x":0.667,"y":1},"o":{"x":0.333,"y":0},"t":12,"s":[{"i":[[-10.593,0.065],[-5.573,-9.053],[0.28,-1.104],[0.939,-0.587],[0.793,0.008],[0.744,1.258],[7.706,0.014],[4.089,-6.531],[1.968,1.228],[0.254,1.079],[-0.611,0.945]],"o":[[10.63,-0.005],[0.63,0.949],[-0.251,1.078],[-0.658,0.443],[-1.462,0.017],[-4.064,-6.548],[-7.704,-0.015],[-1.228,1.967],[-0.94,-0.587],[-0.28,-1.091],[5.627,-8.975]],"v":[[-0.031,-10.767],[26.044,3.793],[26.594,7.017],[24.736,9.617],[22.508,10.286],[18.943,8.28],[0.018,-2.27],[-18.944,8.206],[-24.731,9.544],[-26.595,6.943],[-26.075,3.749]],"c":true}]},{"i":{"x":0.667,"y":1},"o":{"x":0.333,"y":0},"t":21,"s":[{"i":[[-8.27,0.051],[-4.351,-7.068],[0.219,-0.862],[0.733,-0.458],[0.619,-0.007],[0.581,0.982],[6.016,0.012],[3.186,-5.103],[1.536,0.959],[0.198,0.842],[-0.477,0.738]],"o":[[8.299,-0.004],[0.492,0.741],[-0.196,0.842],[-0.514,0.346],[-1.141,0.013],[-3.173,-5.112],[-6.014,-0.012],[-0.959,1.536],[-0.734,-0.458],[-0.219,-0.852],[4.393,-7.007]],"v":[[-0.024,-8.406],[20.333,2.961],[20.762,5.478],[19.312,7.508],[17.572,8.03],[14.788,6.464],[0.014,-1.772],[-14.789,6.406],[-19.307,7.451],[-20.762,5.42],[-20.356,2.927]],"c":true}]},{"i":{"x":0.667,"y":1},"o":{"x":0.333,"y":0},"t":27,"s":[{"i":[[-8.27,0.051],[-4.351,-7.068],[0.219,-0.862],[0.733,-0.458],[0.619,-0.007],[0.581,0.982],[6.016,0.012],[3.186,-5.103],[1.536,0.959],[0.198,0.842],[-0.477,0.738]],"o":[[8.299,-0.004],[0.492,0.741],[-0.196,0.842],[-0.514,0.346],[-1.141,0.013],[-3.173,-5.112],[-6.014,-0.012],[-0.959,1.536],[-0.734,-0.458],[-0.219,-0.852],[4.393,-7.007]],"v":[[-0.024,-8.406],[20.333,2.961],[20.762,5.478],[19.312,7.508],[17.572,8.03],[14.788,6.464],[0.014,-1.772],[-14.789,6.406],[-19.307,7.451],[-20.762,5.42],[-20.356,2.927]],"c":true}]},{"t":36,"s":[{"i":[[-10.593,0.065],[-5.573,-9.053],[0.28,-1.104],[0.939,-0.587],[0.793,0.008],[0.744,1.258],[7.706,0.014],[4.089,-6.531],[1.968,1.228],[0.254,1.079],[-0.611,0.945]],"o":[[10.63,-0.005],[0.63,0.949],[-0.251,1.078],[-0.658,0.443],[-1.462,0.017],[-4.064,-6.548],[-7.704,-0.015],[-1.228,1.967],[-0.94,-0.587],[-0.28,-1.091],[5.627,-8.975]],"v":[[-0.031,-10.767],[26.044,3.793],[26.594,7.017],[24.736,9.617],[22.508,10.286],[18.943,8.28],[0.018,-2.27],[-18.944,8.206],[-24.731,9.544],[-26.595,6.943],[-26.075,3.749]],"c":true}]}],"ix":2},"nm":"Trazado 1","mn":"ADBE Vector Shape - Group","hd":false},{"ty":"fl","c":{"a":0,"k":[1,1,1,1],"ix":4},"o":{"a":0,"k":100,"ix":5},"r":1,"bm":0,"nm":"Relleno 1","mn":"ADBE Vector Graphic - Fill","hd":false},{"ty":"tr","p":{"a":0,"k":[95.519,81.564],"ix":2},"a":{"a":0,"k":[0,0],"ix":1},"s":{"a":0,"k":[100,100],"ix":3},"r":{"a":0,"k":0,"ix":6},"o":{"a":0,"k":100,"ix":7},"sk":{"a":0,"k":0,"ix":4},"sa":{"a":0,"k":0,"ix":5},"nm":"Transformar"}],"nm":"Grupo 18","np":2,"cix":2,"bm":0,"ix":3,"mn":"ADBE Vector Group","hd":false},{"ty":"gr","it":[{"ind":0,"ty":"sh","ix":1,"ks":{"a":0,"k":{"i":[[5.249,-8.166],[-29.761,-19.105],[-19.106,29.762],[-0.053,0.084],[18.471,30.152],[-13.193,20.651]],"o":[[-19.105,29.762],[29.762,19.105],[0.054,-0.084],[-30.152,18.472],[-12.801,-20.896],[-8.269,5.085]],"v":[[-44.415,-43.728],[-25.122,44.753],[63.361,25.459],[63.52,25.208],[-24.52,4.059],[-23.88,-63.859]],"c":true},"ix":2},"nm":"Trazado 1","mn":"ADBE Vector Shape - Group","hd":false},{"ty":"fl","c":{"a":0,"k":[0.902000038297,0.404000016755,0.372999991623,1],"ix":4},"o":{"a":0,"k":100,"ix":5},"r":1,"bm":0,"nm":"Relleno 1","mn":"ADBE Vector Graphic - Fill","hd":false},{"ty":"tr","p":{"a":0,"k":[85.109,74.218],"ix":2},"a":{"a":0,"k":[0,0],"ix":1},"s":{"a":0,"k":[100,100],"ix":3},"r":{"a":0,"k":0,"ix":6},"o":{"a":0,"k":100,"ix":7},"sk":{"a":0,"k":0,"ix":4},"sa":{"a":0,"k":0,"ix":5},"nm":"Transformar"}],"nm":"Grupo 19","np":2,"cix":2,"bm":0,"ix":4,"mn":"ADBE Vector Group","hd":false},{"ty":"gr","it":[{"ind":0,"ty":"sh","ix":1,"ks":{"a":0,"k":{"i":[[-35.365,0],[0,-35.365],[35.365,0],[0,35.364]],"o":[[35.365,0],[0,35.364],[-35.365,0],[0,-35.365]],"v":[[0,-64.034],[64.034,0.001],[0,64.034],[-64.034,0.001]],"c":true},"ix":2},"nm":"Trazado 1","mn":"ADBE Vector Shape - Group","hd":false},{"ty":"fl","c":{"a":0,"k":[0.952999997606,0.451000019148,0.419999994016,1],"ix":4},"o":{"a":0,"k":100,"ix":5},"r":1,"bm":0,"nm":"Relleno 1","mn":"ADBE Vector Graphic - Fill","hd":false},{"ty":"tr","p":{"a":0,"k":[94.729,65.034],"ix":2},"a":{"a":0,"k":[0,0],"ix":1},"s":{"a":0,"k":[100,100],"ix":3},"r":{"a":0,"k":0,"ix":6},"o":{"a":0,"k":100,"ix":7},"sk":{"a":0,"k":0,"ix":4},"sa":{"a":0,"k":0,"ix":5},"nm":"Transformar"}],"nm":"Grupo 20","np":2,"cix":2,"bm":0,"ix":5,"mn":"ADBE Vector Group","hd":false},{"ty":"tr","p":{"a":0,"k":[94.651,65.064],"ix":2},"a":{"a":0,"k":[94.651,65.064],"ix":1},"s":{"a":0,"k":[100,100],"ix":3},"r":{"a":0,"k":0,"ix":6},"o":{"a":0,"k":100,"ix":7},"sk":{"a":0,"k":0,"ix":4},"sa":{"a":0,"k":0,"ix":5},"nm":"Transformar"}],"nm":"Grupo 25","np":5,"cix":2,"bm":0,"ix":1,"mn":"ADBE Vector Group","hd":false}],"ip":0,"op":48,"st":0,"bm":0},{"ddd":0,"ind":5,"ty":4,"nm":"aa3","sr":1,"ks":{"p":{"a":0,"k":[105.04,98.333,0],"ix":2,"l":2}},"ao":0,"shapes":[{"ind":0,"ty":"sh","ix":1,"ks":{"a":0,"k":{"i":[[10.014,26.127],[-26.127,10.014],[-10.014,-26.127],[26.127,-10.014]],"o":[[-10.014,-26.127],[26.127,-10.014],[10.014,26.127],[-26.127,10.014]],"v":[[-47.307,18.133],[-18.133,-47.307],[47.307,-18.133],[18.133,47.307]],"c":true},"ix":2},"nm":"Trazado 1","mn":"ADBE Vector Shape - Group","hd":false},{"ty":"gf","o":{"a":0,"k":100,"ix":10},"r":1,"bm":0,"g":{"p":3,"k":{"a":0,"k":[0,0.953,0.451,0.42,0.5,0.976,0.725,0.71,1,1,1,1],"ix":9}},"s":{"a":0,"k":[-35,-37],"ix":5},"e":{"a":0,"k":[34.46,34.667],"ix":6},"t":1,"nm":"Relleno de degradado 1","mn":"ADBE Vector Graphic - G-Fill","hd":false}],"ip":0,"op":48,"st":0,"bm":0}],"markers":[]}