{"v":"5.8.1","fr":24,"ip":0,"op":48,"w":202,"h":154,"nm":"Karmas_Ganados","ddd":0,"assets":[],"layers":[{"ddd":0,"ind":1,"ty":4,"nm":"Karmas_Ganados contornos","sr":1,"ks":{"p":{"a":0,"k":[101,77,0],"ix":2,"l":2},"a":{"a":0,"k":[101,77,0],"ix":1,"l":2}},"ao":0,"shapes":[{"ty":"gr","it":[{"ty":"gr","it":[{"ind":0,"ty":"sh","ix":1,"ks":{"a":0,"k":{"i":[[-0.952,0],[0,-1.403],[0.952,0],[0,1.403]],"o":[[0.952,0],[0,1.403],[-0.952,0],[0,-1.403]],"v":[[0,-2.541],[1.723,0],[0,2.541],[-1.723,0]],"c":true},"ix":2},"nm":"Trazado 1","mn":"ADBE Vector Shape - Group","hd":false},{"ty":"fl","c":{"a":0,"k":[1,1,1,1],"ix":4},"o":{"a":0,"k":100,"ix":5},"r":1,"bm":0,"nm":"Relleno 1","mn":"ADBE Vector Graphic - Fill","hd":false},{"ty":"tr","p":{"a":0,"k":[17.546,74.232],"ix":2},"a":{"a":0,"k":[0,0],"ix":1},"s":{"a":0,"k":[100,100],"ix":3},"r":{"a":0,"k":0,"ix":6},"o":{"a":0,"k":100,"ix":7},"sk":{"a":0,"k":0,"ix":4},"sa":{"a":0,"k":0,"ix":5},"nm":"Transformar"}],"nm":"Grupo 2","np":2,"cix":2,"bm":0,"ix":1,"mn":"ADBE Vector Group","hd":false},{"ty":"gr","it":[{"ind":0,"ty":"sh","ix":1,"ks":{"a":0,"k":{"i":[[-0.951,0],[0,-1.403],[0.952,0],[0,1.403]],"o":[[0.952,0],[0,1.403],[-0.951,0],[0,-1.403]],"v":[[0,-2.541],[1.723,0],[0,2.541],[-1.723,0]],"c":true},"ix":2},"nm":"Trazado 1","mn":"ADBE Vector Shape - Group","hd":false},{"ty":"fl","c":{"a":0,"k":[1,1,1,1],"ix":4},"o":{"a":0,"k":100,"ix":5},"r":1,"bm":0,"nm":"Relleno 1","mn":"ADBE Vector Graphic - Fill","hd":false},{"ty":"tr","p":{"a":0,"k":[9.967,74.232],"ix":2},"a":{"a":0,"k":[0,0],"ix":1},"s":{"a":0,"k":[100,100],"ix":3},"r":{"a":0,"k":0,"ix":6},"o":{"a":0,"k":100,"ix":7},"sk":{"a":0,"k":0,"ix":4},"sa":{"a":0,"k":0,"ix":5},"nm":"Transformar"}],"nm":"Grupo 3","np":2,"cix":2,"bm":0,"ix":2,"mn":"ADBE Vector Group","hd":false},{"ty":"gr","it":[{"ind":0,"ty":"sh","ix":1,"ks":{"a":0,"k":{"i":[[2.082,-0.014],[1.095,1.779],[-0.055,0.217],[-0.185,0.115],[-0.156,-0.002],[-0.146,-0.247],[-1.515,-0.003],[-0.804,1.283],[-0.385,-0.243],[-0.051,-0.21],[0.119,-0.186]],"o":[[-2.09,0.001],[-0.124,-0.187],[0.049,-0.212],[0.13,-0.087],[0.287,-0.004],[0.799,1.287],[1.514,0.003],[0.243,-0.386],[0.182,0.115],[0.055,0.213],[-1.106,1.764]],"v":[[0.008,2.115],[-5.118,-0.748],[-5.226,-1.382],[-4.861,-1.894],[-4.422,-2.025],[-3.722,-1.631],[-0.002,0.443],[3.726,-1.615],[4.864,-1.873],[5.226,-1.367],[5.126,-0.74]],"c":true},"ix":2},"nm":"Trazado 1","mn":"ADBE Vector Shape - Group","hd":false},{"ty":"fl","c":{"a":0,"k":[1,1,1,1],"ix":4},"o":{"a":0,"k":100,"ix":5},"r":1,"bm":0,"nm":"Relleno 1","mn":"ADBE Vector Graphic - Fill","hd":false},{"ty":"tr","p":{"a":0,"k":[13.756,81.157],"ix":2},"a":{"a":0,"k":[0,0],"ix":1},"s":{"a":0,"k":[100,100],"ix":3},"r":{"a":0,"k":0,"ix":6},"o":{"a":0,"k":100,"ix":7},"sk":{"a":0,"k":0,"ix":4},"sa":{"a":0,"k":0,"ix":5},"nm":"Transformar"}],"nm":"Grupo 4","np":2,"cix":2,"bm":0,"ix":3,"mn":"ADBE Vector Group","hd":false},{"ty":"gr","it":[{"ind":0,"ty":"sh","ix":1,"ks":{"a":0,"k":{"i":[[1.032,-1.605],[-5.834,-3.782],[-3.781,5.834],[-0.03,0.048],[3.631,5.927],[-2.594,4.06]],"o":[[-3.782,5.834],[5.834,3.782],[0.031,-0.048],[-5.927,3.632],[-2.517,-4.108],[-1.625,0.999]],"v":[[-9.119,-8.618],[-5.403,8.793],[12.008,5.077],[12.1,4.934],[-5.208,0.777],[-5.083,-12.575]],"c":true},"ix":2},"nm":"Trazado 1","mn":"ADBE Vector Shape - Group","hd":false},{"ty":"fl","c":{"a":0,"k":[0.663000009574,0.795999983245,0.477999997606,1],"ix":4},"o":{"a":0,"k":100,"ix":5},"r":1,"bm":0,"nm":"Relleno 1","mn":"ADBE Vector Graphic - Fill","hd":false},{"ty":"tr","p":{"a":0,"k":[12.1,79.827],"ix":2},"a":{"a":0,"k":[0,0],"ix":1},"s":{"a":0,"k":[100,100],"ix":3},"r":{"a":0,"k":0,"ix":6},"o":{"a":0,"k":100,"ix":7},"sk":{"a":0,"k":0,"ix":4},"sa":{"a":0,"k":0,"ix":5},"nm":"Transformar"}],"nm":"Grupo 5","np":4,"cix":2,"bm":0,"ix":4,"mn":"ADBE Vector Group","hd":false},{"ty":"gr","it":[{"ind":0,"ty":"sh","ix":1,"ks":{"a":0,"k":{"i":[[-6.952,0],[0,-6.952],[6.952,0],[0,6.953]],"o":[[6.952,0],[0,6.953],[-6.952,0],[0,-6.952]],"v":[[0,-12.588],[12.588,0],[0,12.588],[-12.588,0]],"c":true},"ix":2},"nm":"Trazado 1","mn":"ADBE Vector Shape - Group","hd":false},{"ty":"fl","c":{"a":0,"k":[0.698000021542,0.830999995213,0.510000011968,1],"ix":4},"o":{"a":0,"k":100,"ix":5},"r":1,"bm":0,"nm":"Relleno 1","mn":"ADBE Vector Graphic - Fill","hd":false},{"ty":"tr","p":{"a":0,"k":[13.603,78],"ix":2},"a":{"a":0,"k":[0,0],"ix":1},"s":{"a":0,"k":[100,100],"ix":3},"r":{"a":0,"k":0,"ix":6},"o":{"a":0,"k":100,"ix":7},"sk":{"a":0,"k":0,"ix":4},"sa":{"a":0,"k":0,"ix":5},"nm":"Transformar"}],"nm":"Grupo 6","np":2,"cix":2,"bm":0,"ix":5,"mn":"ADBE Vector Group","hd":false},{"ty":"tr","p":{"a":1,"k":[{"i":{"x":0.667,"y":1},"o":{"x":0.333,"y":0},"t":0,"s":[101,77],"to":[0,-2.333],"ti":[0,0]},{"i":{"x":0.667,"y":1},"o":{"x":0.333,"y":0},"t":20,"s":[101,63],"to":[0,0],"ti":[0,-2.333]},{"t":48,"s":[101,77]}],"ix":2},"a":{"a":0,"k":[101,77],"ix":1},"s":{"a":0,"k":[100,100],"ix":3},"r":{"a":0,"k":0,"ix":6},"o":{"a":0,"k":100,"ix":7},"sk":{"a":0,"k":0,"ix":4},"sa":{"a":0,"k":0,"ix":5},"nm":"Transformar"}],"nm":"Grupo 22","np":5,"cix":2,"bm":0,"ix":1,"mn":"ADBE Vector Group","hd":false},{"ty":"gr","it":[{"ty":"gr","it":[{"ind":0,"ty":"sh","ix":1,"ks":{"a":0,"k":{"i":[[-2.061,-0.253],[0.374,-3.039],[2.06,0.253],[-0.373,3.039]],"o":[[2.061,0.253],[-0.373,3.038],[-2.061,-0.253],[0.373,-3.038]],"v":[[0.676,-5.501],[3.73,0.459],[-0.676,5.502],[-3.732,-0.458]],"c":true},"ix":2},"nm":"Trazado 1","mn":"ADBE Vector Shape - Group","hd":false},{"ty":"fl","c":{"a":0,"k":[1,1,1,1],"ix":4},"o":{"a":0,"k":100,"ix":5},"r":1,"bm":0,"nm":"Relleno 1","mn":"ADBE Vector Graphic - Fill","hd":false},{"ty":"tr","p":{"a":0,"k":[48.511,112.668],"ix":2},"a":{"a":0,"k":[0,0],"ix":1},"s":{"a":0,"k":[100,100],"ix":3},"r":{"a":0,"k":0,"ix":6},"o":{"a":0,"k":100,"ix":7},"sk":{"a":0,"k":0,"ix":4},"sa":{"a":0,"k":0,"ix":5},"nm":"Transformar"}],"nm":"Grupo 7","np":2,"cix":2,"bm":0,"ix":1,"mn":"ADBE Vector Group","hd":false},{"ty":"gr","it":[{"ind":0,"ty":"sh","ix":1,"ks":{"a":0,"k":{"i":[[-2.061,-0.253],[0.373,-3.038],[2.06,0.253],[-0.373,3.038]],"o":[[2.061,0.253],[-0.373,3.039],[-2.061,-0.253],[0.373,-3.038]],"v":[[0.676,-5.502],[3.731,0.458],[-0.675,5.502],[-3.731,-0.458]],"c":true},"ix":2},"nm":"Trazado 1","mn":"ADBE Vector Shape - Group","hd":false},{"ty":"fl","c":{"a":0,"k":[1,1,1,1],"ix":4},"o":{"a":0,"k":100,"ix":5},"r":1,"bm":0,"nm":"Relleno 1","mn":"ADBE Vector Graphic - Fill","hd":false},{"ty":"tr","p":{"a":0,"k":[32.1,110.653],"ix":2},"a":{"a":0,"k":[0,0],"ix":1},"s":{"a":0,"k":[100,100],"ix":3},"r":{"a":0,"k":0,"ix":6},"o":{"a":0,"k":100,"ix":7},"sk":{"a":0,"k":0,"ix":4},"sa":{"a":0,"k":0,"ix":5},"nm":"Transformar"}],"nm":"Grupo 8","np":2,"cix":2,"bm":0,"ix":2,"mn":"ADBE Vector Group","hd":false},{"ty":"gr","it":[{"ind":0,"ty":"sh","ix":1,"ks":{"a":0,"k":{"i":[[4.513,0.525],[1.898,4.145],[-0.177,0.455],[-0.43,0.2],[-0.338,-0.044],[-0.251,-0.574],[-3.278,-0.409],[-2.082,2.566],[-0.774,-0.625],[-0.051,-0.475],[0.309,-0.369]],"o":[[-4.525,-0.553],[-0.22,-0.437],[0.164,-0.445],[0.303,-0.154],[0.623,0.07],[1.388,2.999],[3.28,0.409],[0.625,-0.774],[0.371,0.298],[0.061,0.477],[-2.863,3.528]],"v":[[-0.857,4.83],[-11.194,-2.732],[-11.26,-4.133],[-10.333,-5.141],[-9.35,-5.311],[-7.938,-4.271],[-0.435,1.21],[8.185,-2.258],[10.717,-2.527],[11.376,-1.32],[10.988,0.009]],"c":true},"ix":2},"nm":"Trazado 1","mn":"ADBE Vector Shape - Group","hd":false},{"ty":"fl","c":{"a":0,"k":[1,1,1,1],"ix":4},"o":{"a":0,"k":100,"ix":5},"r":1,"bm":0,"nm":"Relleno 1","mn":"ADBE Vector Graphic - Fill","hd":false},{"ty":"tr","p":{"a":0,"k":[38.775,126.405],"ix":2},"a":{"a":0,"k":[0,0],"ix":1},"s":{"a":0,"k":[100,100],"ix":3},"r":{"a":0,"k":0,"ix":6},"o":{"a":0,"k":100,"ix":7},"sk":{"a":0,"k":0,"ix":4},"sa":{"a":0,"k":0,"ix":5},"nm":"Transformar"}],"nm":"Grupo 9","np":2,"cix":2,"bm":0,"ix":3,"mn":"ADBE Vector Group","hd":false},{"ty":"gr","it":[{"ind":0,"ty":"sh","ix":1,"ks":{"a":0,"k":{"i":[[2.661,-3.201],[-11.693,-9.661],[-9.662,11.692],[6.289,13.798],[-6.7,8.102]],"o":[[-9.662,11.692],[11.692,9.662],[-13.799,6.289],[-4.361,-9.567],[-3.785,1.731]],"v":[[-16.339,-20.415],[-12.663,18.249],[26.001,14.573],[-10.372,0.976],[-6.548,-27.911]],"c":true},"ix":2},"nm":"Trazado 1","mn":"ADBE Vector Shape - Group","hd":false},{"ty":"fl","c":{"a":0,"k":[0.663000009574,0.795999983245,0.477999997606,1],"ix":4},"o":{"a":0,"k":100,"ix":5},"r":1,"bm":0,"nm":"Relleno 1","mn":"ADBE Vector Graphic - Fill","hd":false},{"ty":"tr","p":{"a":0,"k":[34.116,122.665],"ix":2},"a":{"a":0,"k":[0,0],"ix":1},"s":{"a":0,"k":[100,100],"ix":3},"r":{"a":0,"k":0,"ix":6},"o":{"a":0,"k":100,"ix":7},"sk":{"a":0,"k":0,"ix":4},"sa":{"a":0,"k":0,"ix":5},"nm":"Transformar"}],"nm":"Grupo 10","np":2,"cix":2,"bm":0,"ix":4,"mn":"ADBE Vector Group","hd":false},{"ty":"gr","it":[{"ind":0,"ty":"sh","ix":1,"ks":{"a":0,"k":{"i":[[-15.053,-1.849],[1.848,-15.053],[15.053,1.848],[-1.848,15.054]],"o":[[15.053,1.849],[-1.848,15.053],[-15.054,-1.849],[1.849,-15.053]],"v":[[3.347,-27.256],[27.257,3.347],[-3.346,27.257],[-27.257,-3.347]],"c":true},"ix":2},"nm":"Trazado 1","mn":"ADBE Vector Shape - Group","hd":false},{"ty":"fl","c":{"a":0,"k":[0.732999973671,0.875,0.536999990426,1],"ix":4},"o":{"a":0,"k":100,"ix":5},"r":1,"bm":0,"nm":"Relleno 1","mn":"ADBE Vector Graphic - Fill","hd":false},{"ty":"tr","p":{"a":0,"k":[38.971,119.777],"ix":2},"a":{"a":0,"k":[0,0],"ix":1},"s":{"a":0,"k":[100,100],"ix":3},"r":{"a":0,"k":0,"ix":6},"o":{"a":0,"k":100,"ix":7},"sk":{"a":0,"k":0,"ix":4},"sa":{"a":0,"k":0,"ix":5},"nm":"Transformar"}],"nm":"Grupo 11","np":2,"cix":2,"bm":0,"ix":5,"mn":"ADBE Vector Group","hd":false},{"ty":"tr","p":{"a":1,"k":[{"i":{"x":0.667,"y":1},"o":{"x":0.333,"y":0},"t":4,"s":[38.959,119.777],"to":[0,-2],"ti":[0,0]},{"i":{"x":0.667,"y":1},"o":{"x":0.333,"y":0},"t":24,"s":[38.959,107.777],"to":[0,0],"ti":[0,-2]},{"t":48,"s":[38.959,119.777]}],"ix":2},"a":{"a":0,"k":[38.959,119.777],"ix":1},"s":{"a":0,"k":[100,100],"ix":3},"r":{"a":0,"k":0,"ix":6},"o":{"a":0,"k":100,"ix":7},"sk":{"a":0,"k":0,"ix":4},"sa":{"a":0,"k":0,"ix":5},"nm":"Transformar"}],"nm":"Grupo 23","np":5,"cix":2,"bm":0,"ix":2,"mn":"ADBE Vector Group","hd":false},{"ty":"gr","it":[{"ty":"gr","it":[{"ind":0,"ty":"sh","ix":1,"ks":{"a":0,"k":{"i":[[-2.663,-1.077],[1.589,-3.927],[2.663,1.078],[-1.588,3.928]],"o":[[2.663,1.077],[-1.588,3.927],[-2.663,-1.077],[1.589,-3.928]],"v":[[2.876,-7.111],[4.821,1.951],[-2.877,7.111],[-4.823,-1.952]],"c":true},"ix":2},"nm":"Trazado 1","mn":"ADBE Vector Shape - Group","hd":false},{"ty":"fl","c":{"a":0,"k":[1,1,1,1],"ix":4},"o":{"a":0,"k":100,"ix":5},"r":1,"bm":0,"nm":"Relleno 1","mn":"ADBE Vector Graphic - Fill","hd":false},{"ty":"tr","p":{"a":0,"k":[177.117,107.822],"ix":2},"a":{"a":0,"k":[0,0],"ix":1},"s":{"a":0,"k":[100,100],"ix":3},"r":{"a":0,"k":0,"ix":6},"o":{"a":0,"k":100,"ix":7},"sk":{"a":0,"k":0,"ix":4},"sa":{"a":0,"k":0,"ix":5},"nm":"Transformar"}],"nm":"Grupo 12","np":2,"cix":2,"bm":0,"ix":1,"mn":"ADBE Vector Group","hd":false},{"ty":"gr","it":[{"ind":0,"ty":"sh","ix":1,"ks":{"a":0,"k":{"i":[[-2.663,-1.077],[1.588,-3.927],[2.663,1.078],[-1.589,3.928]],"o":[[2.663,1.077],[-1.589,3.927],[-2.663,-1.077],[1.588,-3.927]],"v":[[2.876,-7.112],[4.822,1.951],[-2.877,7.111],[-4.822,-1.952]],"c":true},"ix":2},"nm":"Trazado 1","mn":"ADBE Vector Shape - Group","hd":false},{"ty":"fl","c":{"a":0,"k":[1,1,1,1],"ix":4},"o":{"a":0,"k":100,"ix":5},"r":1,"bm":0,"nm":"Relleno 1","mn":"ADBE Vector Graphic - Fill","hd":false},{"ty":"tr","p":{"a":0,"k":[155.907,99.242],"ix":2},"a":{"a":0,"k":[0,0],"ix":1},"s":{"a":0,"k":[100,100],"ix":3},"r":{"a":0,"k":0,"ix":6},"o":{"a":0,"k":100,"ix":7},"sk":{"a":0,"k":0,"ix":4},"sa":{"a":0,"k":0,"ix":5},"nm":"Transformar"}],"nm":"Grupo 13","np":2,"cix":2,"bm":0,"ix":2,"mn":"ADBE Vector Group","hd":false},{"ty":"gr","it":[{"ind":0,"ty":"sh","ix":1,"ks":{"a":0,"k":{"i":[[5.841,2.324],[1.051,6.22],[-0.401,0.545],[-0.645,0.115],[-0.436,-0.179],[-0.129,-0.857],[-4.235,-1.723],[-3.704,2.683],[-0.81,-1.111],[0.101,-0.653],[0.548,-0.383]],"o":[[-5.85,-2.362],[-0.135,-0.662],[0.377,-0.536],[0.462,-0.097],[0.807,0.317],[0.779,4.506],[4.237,1.725],[1.111,-0.81],[0.389,0.534],[-0.088,0.664],[-5.094,3.685]],"v":[[-3.71,7.247],[-14.814,-6.564],[-14.398,-8.46],[-12.8,-9.475],[-11.422,-9.348],[-9.909,-7.452],[-1.848,2.563],[10.919,1.021],[14.399,1.566],[14.848,3.42],[13.849,5.064]],"c":true},"ix":2},"nm":"Trazado 1","mn":"ADBE Vector Shape - Group","hd":false},{"ty":"fl","c":{"a":0,"k":[1,1,1,1],"ix":4},"o":{"a":0,"k":100,"ix":5},"r":1,"bm":0,"nm":"Relleno 1","mn":"ADBE Vector Graphic - Fill","hd":false},{"ty":"tr","p":{"a":0,"k":[160.01,121.587],"ix":2},"a":{"a":0,"k":[0,0],"ix":1},"s":{"a":0,"k":[100,100],"ix":3},"r":{"a":0,"k":0,"ix":6},"o":{"a":0,"k":100,"ix":7},"sk":{"a":0,"k":0,"ix":4},"sa":{"a":0,"k":0,"ix":5},"nm":"Transformar"}],"nm":"Grupo 14","np":2,"cix":2,"bm":0,"ix":3,"mn":"ADBE Vector Group","hd":false},{"ty":"gr","it":[{"ind":0,"ty":"sh","ix":1,"ks":{"a":0,"k":{"i":[[4.704,-3.324],[-12.16,-17.105],[-17.105,12.161],[3.444,20.702],[-11.842,8.423]],"o":[[-17.105,12.16],[12.16,17.105],[-20.702,3.444],[-2.383,-14.336],[-5.679,0.957]],"v":[[-11.461,-32.311],[-20.415,20.679],[32.575,29.632],[-11.145,-1.617],[4.314,-38.816]],"c":true},"ix":2},"nm":"Trazado 1","mn":"ADBE Vector Shape - Group","hd":false},{"ty":"fl","c":{"a":0,"k":[0.654999976065,0.788000009574,0.46699999641,1],"ix":4},"o":{"a":0,"k":100,"ix":5},"r":1,"bm":0,"nm":"Relleno 1","mn":"ADBE Vector Graphic - Fill","hd":false},{"ty":"tr","p":{"a":0,"k":[151.239,115.184],"ix":2},"a":{"a":0,"k":[0,0],"ix":1},"s":{"a":0,"k":[100,100],"ix":3},"r":{"a":0,"k":0,"ix":6},"o":{"a":0,"k":100,"ix":7},"sk":{"a":0,"k":0,"ix":4},"sa":{"a":0,"k":0,"ix":5},"nm":"Transformar"}],"nm":"Grupo 15","np":4,"cix":2,"bm":0,"ix":4,"mn":"ADBE Vector Group","hd":false},{"ty":"gr","it":[{"ind":0,"ty":"sh","ix":1,"ks":{"a":0,"k":{"i":[[-19.454,-7.87],[7.87,-19.456],[19.455,7.87],[-7.87,19.454]],"o":[[19.455,7.87],[-7.871,19.454],[-19.454,-7.87],[7.871,-19.456]],"v":[[15.707,-33.728],[36.684,15.749],[-12.793,36.724],[-33.769,-12.751]],"c":true},"ix":2},"nm":"Trazado 1","mn":"ADBE Vector Shape - Group","hd":false},{"ty":"fl","c":{"a":0,"k":[0.725,0.862999949736,0.528999956916,1],"ix":4},"o":{"a":0,"k":100,"ix":5},"r":1,"bm":0,"nm":"Relleno 1","mn":"ADBE Vector Graphic - Fill","hd":false},{"ty":"tr","p":{"a":0,"k":[160.361,112.402],"ix":2},"a":{"a":0,"k":[0,0],"ix":1},"s":{"a":0,"k":[100,100],"ix":3},"r":{"a":0,"k":0,"ix":6},"o":{"a":0,"k":100,"ix":7},"sk":{"a":0,"k":0,"ix":4},"sa":{"a":0,"k":0,"ix":5},"nm":"Transformar"}],"nm":"Grupo 16","np":4,"cix":2,"bm":0,"ix":5,"mn":"ADBE Vector Group","hd":false},{"ty":"tr","p":{"a":1,"k":[{"i":{"x":0.667,"y":1},"o":{"x":0.333,"y":0},"t":8,"s":[101,77],"to":[0,-2.5],"ti":[0,0]},{"i":{"x":0.667,"y":1},"o":{"x":0.333,"y":0},"t":28,"s":[101,62],"to":[0,0],"ti":[0,-2.5]},{"t":48,"s":[101,77]}],"ix":2},"a":{"a":0,"k":[101,77],"ix":1},"s":{"a":0,"k":[100,100],"ix":3},"r":{"a":0,"k":0,"ix":6},"o":{"a":0,"k":100,"ix":7},"sk":{"a":0,"k":0,"ix":4},"sa":{"a":0,"k":0,"ix":5},"nm":"Transformar"}],"nm":"Grupo 25","np":5,"cix":2,"bm":0,"ix":3,"mn":"ADBE Vector Group","hd":false},{"ty":"gr","it":[{"ind":0,"ty":"sh","ix":1,"ks":{"a":0,"k":{"i":[[0,0],[0,0],[-2.242,0],[0,2.241],[0,0],[0,0],[-0.011,1.109],[0.393,0.383],[0,0],[0.805,-0.77],[0,0],[-0.786,-0.791],[-0.536,0]],"o":[[0,0],[0,2.241],[2.24,0],[0,0],[0,0],[1.109,0.012],[0.005,-0.55],[0,0],[-0.806,-0.77],[0,0],[-0.79,0.785],[0.378,0.381],[0,0]],"v":[[-3.946,-8.504],[-3.946,19.939],[0.112,23.996],[4.168,19.939],[4.168,-8.504],[11.429,-8.504],[13.458,-10.491],[12.85,-11.952],[1.532,-23.226],[-1.348,-23.226],[-12.668,-11.948],[-12.677,-9.095],[-11.248,-8.5]],"c":true},"ix":2},"nm":"Trazado 1","mn":"ADBE Vector Shape - Group","hd":false},{"ty":"fl","c":{"a":0,"k":[0.638999968884,0.791999966491,0.426999978458,1],"ix":4},"o":{"a":0,"k":100,"ix":5},"r":1,"bm":0,"nm":"Relleno 1","mn":"ADBE Vector Graphic - Fill","hd":false},{"ty":"tr","p":{"a":1,"k":[{"i":{"x":0.667,"y":1},"o":{"x":0.333,"y":0},"t":0,"s":[171.465,124.392],"to":[0,-15.833],"ti":[0,15.833]},{"t":45,"s":[171.465,29.392]}],"ix":2},"a":{"a":0,"k":[0,0],"ix":1},"s":{"a":0,"k":[100,100],"ix":3},"r":{"a":0,"k":0,"ix":6},"o":{"a":1,"k":[{"i":{"x":[0.667],"y":[1]},"o":{"x":[0.333],"y":[0]},"t":36,"s":[100]},{"t":48,"s":[0]}],"ix":7},"sk":{"a":0,"k":0,"ix":4},"sa":{"a":0,"k":0,"ix":5},"nm":"Transformar"}],"nm":"Grupo 1","np":2,"cix":2,"bm":0,"ix":4,"mn":"ADBE Vector Group","hd":false}],"ip":0,"op":48,"st":0,"bm":0},{"ddd":0,"ind":2,"ty":4,"nm":"Capa de formas 1","td":1,"sr":1,"ks":{"p":{"a":0,"k":[101,77,0],"ix":2,"l":2}},"ao":0,"ef":[{"ty":29,"nm":"Desenfoque gaussiano","np":5,"mn":"ADBE Gaussian Blur 2","ix":1,"en":1,"ef":[{"ty":0,"nm":"Desenfoque","mn":"ADBE Gaussian Blur 2-0001","ix":1,"v":{"a":0,"k":80,"ix":1}},{"ty":7,"nm":"Dimensiones de desenfoque","mn":"ADBE Gaussian Blur 2-0002","ix":2,"v":{"a":0,"k":1,"ix":2}},{"ty":7,"nm":"Repetir píxeles del borde","mn":"ADBE Gaussian Blur 2-0003","ix":3,"v":{"a":0,"k":0,"ix":3}}]}],"shapes":[{"ty":"gr","it":[{"ty":"rc","d":1,"s":{"a":0,"k":[270,39],"ix":2},"p":{"a":1,"k":[{"i":{"x":0.667,"y":1},"o":{"x":0.333,"y":0},"t":0,"s":[0,-100],"to":[0,33.333],"ti":[0,-33.333]},{"t":48,"s":[0,100]}],"ix":3},"r":{"a":0,"k":0,"ix":4},"nm":"Trazado de rectángulo 1","mn":"ADBE Vector Shape - Rect","hd":false},{"ty":"fl","c":{"a":0,"k":[1,1,1,1],"ix":4},"o":{"a":0,"k":15,"ix":5},"r":1,"bm":0,"nm":"Relleno 1","mn":"ADBE Vector Graphic - Fill","hd":false},{"ty":"tr","p":{"a":0,"k":[0,0],"ix":2},"a":{"a":0,"k":[0,0],"ix":1},"s":{"a":0,"k":[100,100],"ix":3},"r":{"a":0,"k":-45,"ix":6},"o":{"a":0,"k":100,"ix":7},"sk":{"a":0,"k":0,"ix":4},"sa":{"a":0,"k":0,"ix":5},"nm":"Transformar"}],"nm":"Rectángulo 2","np":3,"cix":2,"bm":0,"ix":1,"mn":"ADBE Vector Group","hd":false},{"ty":"gr","it":[{"ty":"rc","d":1,"s":{"a":0,"k":[270,15],"ix":2},"p":{"a":1,"k":[{"i":{"x":0.667,"y":1},"o":{"x":0.333,"y":0},"t":0,"s":[0,-120],"to":[0,40],"ti":[0,-40]},{"t":48,"s":[0,120]}],"ix":3},"r":{"a":0,"k":0,"ix":4},"nm":"Trazado de rectángulo 1","mn":"ADBE Vector Shape - Rect","hd":false},{"ty":"fl","c":{"a":0,"k":[1,1,1,1],"ix":4},"o":{"a":0,"k":80,"ix":5},"r":1,"bm":0,"nm":"Relleno 1","mn":"ADBE Vector Graphic - Fill","hd":false},{"ty":"tr","p":{"a":0,"k":[0,0],"ix":2},"a":{"a":0,"k":[0,0],"ix":1},"s":{"a":0,"k":[100,100],"ix":3},"r":{"a":0,"k":-45,"ix":6},"o":{"a":0,"k":100,"ix":7},"sk":{"a":0,"k":0,"ix":4},"sa":{"a":0,"k":0,"ix":5},"nm":"Transformar"}],"nm":"Rectángulo 1","np":3,"cix":2,"bm":0,"ix":2,"mn":"ADBE Vector Group","hd":false},{"ty":"gr","it":[{"ty":"rc","d":1,"s":{"a":0,"k":[270,60],"ix":2},"p":{"a":1,"k":[{"i":{"x":0.667,"y":1},"o":{"x":0.333,"y":0},"t":0,"s":[0,-100],"to":[0,33.333],"ti":[0,-33.333]},{"t":48,"s":[0,100]}],"ix":3},"r":{"a":0,"k":0,"ix":4},"nm":"Trazado de rectángulo 1","mn":"ADBE Vector Shape - Rect","hd":false},{"ty":"fl","c":{"a":0,"k":[1,1,1,1],"ix":4},"o":{"a":0,"k":5,"ix":5},"r":1,"bm":0,"nm":"Relleno 1","mn":"ADBE Vector Graphic - Fill","hd":false},{"ty":"tr","p":{"a":0,"k":[0,0],"ix":2},"a":{"a":0,"k":[0,0],"ix":1},"s":{"a":0,"k":[100,100],"ix":3},"r":{"a":0,"k":-45,"ix":6},"o":{"a":0,"k":100,"ix":7},"sk":{"a":0,"k":0,"ix":4},"sa":{"a":0,"k":0,"ix":5},"nm":"Transformar"}],"nm":"Rectángulo 3","np":3,"cix":2,"bm":0,"ix":3,"mn":"ADBE Vector Group","hd":false}],"ip":0,"op":48,"st":0,"bm":0},{"ddd":0,"ind":3,"ty":4,"nm":"Karmas_Ganados contornos 3","tt":1,"sr":1,"ks":{"p":{"a":0,"k":[101,77,0],"ix":2,"l":2},"a":{"a":0,"k":[101,77,0],"ix":1,"l":2},"s":{"a":1,"k":[{"i":{"x":[0.667,0.667,0.667],"y":[1,1,1]},"o":{"x":[0.333,0.333,0.333],"y":[0,0,0]},"t":0,"s":[100,100,100]},{"i":{"x":[0.667,0.667,0.667],"y":[1,1,1]},"o":{"x":[0.333,0.333,0.333],"y":[0,0,0]},"t":24,"s":[95,95,100]},{"t":48,"s":[100,100,100]}],"ix":6,"l":2}},"ao":0,"shapes":[{"ty":"gr","it":[{"ty":"gr","it":[{"ind":0,"ty":"sh","ix":1,"ks":{"a":0,"k":{"i":[[-35.019,0],[0,-35.019],[35.019,0],[0,35.019]],"o":[[35.019,0],[0,35.019],[-35.019,0],[0,-35.019]],"v":[[0,-63.407],[63.407,0.001],[0,63.407],[-63.407,0.001]],"c":true},"ix":2},"nm":"Trazado 1","mn":"ADBE Vector Shape - Group","hd":false},{"ty":"fl","c":{"a":0,"k":[1,1,1,1],"ix":4},"o":{"a":0,"k":100,"ix":5},"r":1,"bm":0,"nm":"Relleno 1","mn":"ADBE Vector Graphic - Fill","hd":false},{"ty":"tr","p":{"a":0,"k":[92.917,64.407],"ix":2},"a":{"a":0,"k":[0,0],"ix":1},"s":{"a":0,"k":[100,100],"ix":3},"r":{"a":0,"k":0,"ix":6},"o":{"a":0,"k":100,"ix":7},"sk":{"a":0,"k":0,"ix":4},"sa":{"a":0,"k":0,"ix":5},"nm":"Transformar"}],"nm":"Grupo 21","np":2,"cix":2,"bm":0,"ix":1,"mn":"ADBE Vector Group","hd":false},{"ty":"tr","p":{"a":0,"k":[92.879,64.407],"ix":2},"a":{"a":0,"k":[92.879,64.407],"ix":1},"s":{"a":0,"k":[100,100],"ix":3},"r":{"a":0,"k":0,"ix":6},"o":{"a":0,"k":100,"ix":7},"sk":{"a":0,"k":0,"ix":4},"sa":{"a":0,"k":0,"ix":5},"nm":"Transformar"}],"nm":"Grupo 24","np":1,"cix":2,"bm":0,"ix":1,"mn":"ADBE Vector Group","hd":false}],"ip":0,"op":48,"st":0,"bm":16},{"ddd":0,"ind":4,"ty":4,"nm":"Karmas_Ganados contornos 2","sr":1,"ks":{"p":{"a":0,"k":[101,77,0],"ix":2,"l":2},"a":{"a":0,"k":[101,77,0],"ix":1,"l":2},"s":{"a":1,"k":[{"i":{"x":[0.667,0.667,0.667],"y":[1,1,1]},"o":{"x":[0.333,0.333,0.333],"y":[0,0,0]},"t":0,"s":[100,100,100]},{"i":{"x":[0.667,0.667,0.667],"y":[1,1,1]},"o":{"x":[0.333,0.333,0.333],"y":[0,0,0]},"t":24,"s":[95,95,100]},{"t":48,"s":[100,100,100]}],"ix":6,"l":2}},"ao":0,"shapes":[{"ty":"gr","it":[{"ty":"gr","it":[{"ind":0,"ty":"sh","ix":1,"ks":{"a":0,"k":{"i":[[-4.794,0],[0,-7.069],[4.794,0],[0,7.069]],"o":[[4.794,0],[0,7.069],[-4.794,0],[0,-7.069]],"v":[[0.001,-12.799],[8.68,0],[0.001,12.799],[-8.681,0]],"c":true},"ix":2},"nm":"Trazado 1","mn":"ADBE Vector Shape - Group","hd":false},{"ty":"fl","c":{"a":0,"k":[1,1,1,1],"ix":4},"o":{"a":0,"k":100,"ix":5},"r":1,"bm":0,"nm":"Relleno 1","mn":"ADBE Vector Graphic - Fill","hd":false},{"ty":"tr","p":{"a":0,"k":[112.778,45.429],"ix":2},"a":{"a":0,"k":[0,0],"ix":1},"s":{"a":1,"k":[{"i":{"x":[0.667,0.667],"y":[1,1]},"o":{"x":[0.333,0.333],"y":[0,0]},"t":18,"s":[100,100]},{"i":{"x":[0.667,0.667],"y":[1,1]},"o":{"x":[0.333,0.333],"y":[0,0]},"t":24,"s":[100,0]},{"t":30,"s":[100,100]}],"ix":3},"r":{"a":0,"k":0,"ix":6},"o":{"a":0,"k":100,"ix":7},"sk":{"a":0,"k":0,"ix":4},"sa":{"a":0,"k":0,"ix":5},"nm":"Transformar"}],"nm":"Grupo 17","np":2,"cix":2,"bm":0,"ix":1,"mn":"ADBE Vector Group","hd":false},{"ty":"gr","it":[{"ind":0,"ty":"sh","ix":1,"ks":{"a":0,"k":{"i":[[-4.794,0],[0,-7.069],[4.794,0],[0,7.069]],"o":[[4.794,0],[0,7.069],[-4.794,0],[0,-7.069]],"v":[[0,-12.799],[8.68,0],[0,12.799],[-8.68,0]],"c":true},"ix":2},"nm":"Trazado 1","mn":"ADBE Vector Shape - Group","hd":false},{"ty":"fl","c":{"a":0,"k":[1,1,1,1],"ix":4},"o":{"a":0,"k":100,"ix":5},"r":1,"bm":0,"nm":"Relleno 1","mn":"ADBE Vector Graphic - Fill","hd":false},{"ty":"tr","p":{"a":0,"k":[74.602,45.429],"ix":2},"a":{"a":0,"k":[0,0],"ix":1},"s":{"a":1,"k":[{"i":{"x":[0.667,0.667],"y":[1,1]},"o":{"x":[0.333,0.333],"y":[0,0]},"t":18,"s":[100,100]},{"i":{"x":[0.667,0.667],"y":[1,1]},"o":{"x":[0.333,0.333],"y":[0,0]},"t":24,"s":[100,0]},{"t":30,"s":[100,100]}],"ix":3},"r":{"a":0,"k":0,"ix":6},"o":{"a":0,"k":100,"ix":7},"sk":{"a":0,"k":0,"ix":4},"sa":{"a":0,"k":0,"ix":5},"nm":"Transformar"}],"nm":"Grupo 18","np":2,"cix":2,"bm":0,"ix":2,"mn":"ADBE Vector Group","hd":false},{"ty":"gr","it":[{"ind":0,"ty":"sh","ix":1,"ks":{"a":1,"k":[{"i":{"x":0.667,"y":1},"o":{"x":0.333,"y":0},"t":12,"s":[{"i":[[10.489,-0.064],[5.518,8.964],[-0.278,1.093],[-0.932,0.58],[-0.784,-0.006],[-0.737,-1.246],[-10.371,6.434],[-1.792,2.863],[-1.949,-1.212],[-0.251,-1.073],[0.605,-0.937]],"o":[[-10.526,0.005],[-0.624,-0.939],[0.249,-1.069],[0.65,-0.437],[1.447,-0.017],[6.434,10.372],[2.87,-1.78],[1.212,-1.949],[0.935,0.582],[0.277,1.08],[-5.572,8.887]],"v":[[0.031,10.663],[-25.788,-3.754],[-26.333,-6.946],[-24.489,-9.521],[-22.288,-10.183],[-18.758,-8.197],[11.672,-1.066],[18.758,-8.123],[24.482,-9.457],[26.333,-6.873],[25.818,-3.71]],"c":true}]},{"i":{"x":0.667,"y":1},"o":{"x":0.333,"y":0},"t":21,"s":[{"i":[[6.525,-0.04],[3.433,5.576],[-0.173,0.68],[-0.58,0.361],[-0.488,-0.004],[-0.458,-0.775],[-6.452,4.002],[-1.11,1.784],[-1.212,-0.754],[-0.156,-0.667],[0.376,-0.583]],"o":[[-6.548,0.003],[-0.388,-0.584],[0.155,-0.665],[0.404,-0.272],[0.9,-0.011],[4.002,6.452],[1.785,-1.107],[0.754,-1.212],[0.582,0.362],[0.172,0.672],[-3.466,5.528]],"v":[[0.019,6.633],[-16.042,-2.335],[-16.38,-4.321],[-15.233,-5.922],[-13.865,-6.334],[-11.668,-5.099],[7.26,-0.663],[11.668,-5.053],[15.229,-5.883],[16.381,-4.275],[16.061,-2.308]],"c":true}]},{"i":{"x":0.667,"y":1},"o":{"x":0.333,"y":0},"t":27,"s":[{"i":[[6.525,-0.04],[3.433,5.576],[-0.173,0.68],[-0.58,0.361],[-0.488,-0.004],[-0.458,-0.775],[-6.452,4.002],[-1.11,1.784],[-1.212,-0.754],[-0.156,-0.667],[0.376,-0.583]],"o":[[-6.548,0.003],[-0.388,-0.584],[0.155,-0.665],[0.404,-0.272],[0.9,-0.011],[4.002,6.452],[1.785,-1.107],[0.754,-1.212],[0.582,0.362],[0.172,0.672],[-3.466,5.528]],"v":[[0.019,6.633],[-16.042,-2.335],[-16.38,-4.321],[-15.233,-5.922],[-13.865,-6.334],[-11.668,-5.099],[7.26,-0.663],[11.668,-5.053],[15.229,-5.883],[16.381,-4.275],[16.061,-2.308]],"c":true}]},{"t":36,"s":[{"i":[[10.489,-0.064],[5.518,8.964],[-0.278,1.093],[-0.932,0.58],[-0.784,-0.006],[-0.737,-1.246],[-10.371,6.434],[-1.792,2.863],[-1.949,-1.212],[-0.251,-1.073],[0.605,-0.937]],"o":[[-10.526,0.005],[-0.624,-0.939],[0.249,-1.069],[0.65,-0.437],[1.447,-0.017],[6.434,10.372],[2.87,-1.78],[1.212,-1.949],[0.935,0.582],[0.277,1.08],[-5.572,8.887]],"v":[[0.031,10.663],[-25.788,-3.754],[-26.333,-6.946],[-24.489,-9.521],[-22.288,-10.183],[-18.758,-8.197],[11.672,-1.066],[18.758,-8.123],[24.482,-9.457],[26.333,-6.873],[25.818,-3.71]],"c":true}]}],"ix":2},"nm":"Trazado 1","mn":"ADBE Vector Shape - Group","hd":false},{"ty":"fl","c":{"a":0,"k":[1,1,1,1],"ix":4},"o":{"a":0,"k":100,"ix":5},"r":1,"bm":0,"nm":"Relleno 1","mn":"ADBE Vector Graphic - Fill","hd":false},{"ty":"tr","p":{"a":0,"k":[93.697,80.298],"ix":2},"a":{"a":0,"k":[0,0],"ix":1},"s":{"a":0,"k":[100,100],"ix":3},"r":{"a":0,"k":0,"ix":6},"o":{"a":0,"k":100,"ix":7},"sk":{"a":0,"k":0,"ix":4},"sa":{"a":0,"k":0,"ix":5},"nm":"Transformar"}],"nm":"Grupo 19","np":2,"cix":2,"bm":0,"ix":3,"mn":"ADBE Vector Group","hd":false},{"ty":"gr","it":[{"ind":0,"ty":"sh","ix":1,"ks":{"a":0,"k":{"i":[[5.195,-8.087],[-29.514,-18.85],[-18.85,29.514],[18.295,29.855],[-13.072,20.453]],"o":[[-18.85,29.514],[29.514,18.85],[-29.855,18.295],[-12.683,-20.696],[-8.187,5.036]],"v":[[-44.015,-43.242],[-24.706,44.329],[62.865,25.021],[-24.319,4.09],[-23.683,-63.18]],"c":true},"ix":2},"nm":"Trazado 1","mn":"ADBE Vector Shape - Group","hd":false},{"ty":"fl","c":{"a":0,"k":[0.654999976065,0.783999992819,0.477999997606,1],"ix":4},"o":{"a":0,"k":100,"ix":5},"r":1,"bm":0,"nm":"Relleno 1","mn":"ADBE Vector Graphic - Fill","hd":false},{"ty":"tr","p":{"a":0,"k":[83.426,73.443],"ix":2},"a":{"a":0,"k":[0,0],"ix":1},"s":{"a":0,"k":[100,100],"ix":3},"r":{"a":0,"k":0,"ix":6},"o":{"a":0,"k":100,"ix":7},"sk":{"a":0,"k":0,"ix":4},"sa":{"a":0,"k":0,"ix":5},"nm":"Transformar"}],"nm":"Grupo 20","np":2,"cix":2,"bm":0,"ix":4,"mn":"ADBE Vector Group","hd":false},{"ty":"gr","it":[{"ind":0,"ty":"sh","ix":1,"ks":{"a":0,"k":{"i":[[-35.019,0],[0,-35.019],[35.019,0],[0,35.019]],"o":[[35.019,0],[0,35.019],[-35.019,0],[0,-35.019]],"v":[[0,-63.407],[63.407,0.001],[0,63.407],[-63.407,0.001]],"c":true},"ix":2},"nm":"Trazado 1","mn":"ADBE Vector Shape - Group","hd":false},{"ty":"fl","c":{"a":0,"k":[0.698000021542,0.830999995213,0.510000011968,1],"ix":4},"o":{"a":0,"k":100,"ix":5},"r":1,"bm":0,"nm":"Relleno 1","mn":"ADBE Vector Graphic - Fill","hd":false},{"ty":"tr","p":{"a":0,"k":[92.917,64.407],"ix":2},"a":{"a":0,"k":[0,0],"ix":1},"s":{"a":0,"k":[100,100],"ix":3},"r":{"a":0,"k":0,"ix":6},"o":{"a":0,"k":100,"ix":7},"sk":{"a":0,"k":0,"ix":4},"sa":{"a":0,"k":0,"ix":5},"nm":"Transformar"}],"nm":"Grupo 21","np":2,"cix":2,"bm":0,"ix":5,"mn":"ADBE Vector Group","hd":false},{"ty":"tr","p":{"a":0,"k":[92.879,64.407],"ix":2},"a":{"a":0,"k":[92.879,64.407],"ix":1},"s":{"a":0,"k":[100,100],"ix":3},"r":{"a":0,"k":0,"ix":6},"o":{"a":0,"k":100,"ix":7},"sk":{"a":0,"k":0,"ix":4},"sa":{"a":0,"k":0,"ix":5},"nm":"Transformar"}],"nm":"Grupo 24","np":5,"cix":2,"bm":0,"ix":1,"mn":"ADBE Vector Group","hd":false}],"ip":0,"op":48,"st":0,"bm":0},{"ddd":0,"ind":5,"ty":4,"nm":"aa4","sr":1,"ks":{"p":{"a":0,"k":[102.039,97.92,0],"ix":2,"l":2}},"ao":0,"shapes":[{"ind":0,"ty":"sh","ix":1,"ks":{"a":0,"k":{"i":[[10.014,26.127],[-26.127,10.014],[-10.014,-26.127],[26.127,-10.014]],"o":[[-10.014,-26.127],[26.127,-10.014],[10.014,26.127],[-26.127,10.014]],"v":[[-47.307,18.133],[-18.133,-47.307],[47.307,-18.133],[18.133,47.307]],"c":true},"ix":2},"nm":"Trazado 1","mn":"ADBE Vector Shape - Group","hd":false},{"ty":"gf","o":{"a":0,"k":100,"ix":10},"r":1,"bm":0,"g":{"p":3,"k":{"a":0,"k":[0,0.933,0.988,0.855,0.5,0.967,0.994,0.927,1,1,1,1],"ix":9}},"s":{"a":0,"k":[6,9],"ix":5},"e":{"a":0,"k":[35.961,39.08],"ix":6},"t":1,"nm":"Relleno de degradado 1","mn":"ADBE Vector Graphic - G-Fill","hd":false}],"ip":0,"op":48,"st":0,"bm":0}],"markers":[]}